kind,code,nameRu,nameKk,source
university,1,,Астана медицина университеті,MNVO grant list 2026 (kk)
university,2,,Сәкен Сейфуллин атындағы Қазақ агротехникалық зерттеу университеті,MNVO grant list 2026 (kk)
university,3,,Ш. Есенов атындағы Каспий технологиялар және инжиниринг университеті,MNVO grant list 2026 (kk)
university,4,,Марат Оспанов атындағы Батыс Қазақстан медицина университеті,univision.kz/kk/univ/code.html
university,5,,Қ. Жұбанов атындағы Ақтөбе өңірлік университеті,MNVO grant list 2026 (kk)
university,6,,Құрманғазы атындағы Қазақ ұлттық консерваториясы,univision.kz/kk/univ/code.html
university,7,,Абай атындағы Қазақ ұлттық педагогикалық университеті,univision.kz/kk/univ/code.html
university,8,,Ыбырай Алтынсарин атындағы Арқалық педагогикалық университеті,MNVO grant list 2026 (kk)
university,9,,Сафи Өтебаев атындағы Атырау мұнай және газ университеті,MNVO grant list 2026 (kk)
university,10,,Халел Досмұхамедов атындағы Атырау университеті,MNVO grant list 2026 (kk)
university,11,,Сәрсен Аманжолов атындағы Шығыс Қазақстан университеті,MNVO grant list 2026 (kk)
university,12,,Д. Серікбаев атындағы Шығыс Қазақстан техникалық университеті,MNVO grant list 2026 (kk)
university,13,,Л.Н.Гумилев атындағы Еуразия ұлттық университеті,univision.kz/kk/univ/code.html
university,14,,Ө.А.Байқоңыров атындағы Жезқазған университеті (Байқоңыров ат. ЖезУ),univision.kz/kk/univ/code.html
university,15,,Ілияс Жансүгіров атындағы Жетісу университеті,MNVO grant list 2026 (kk)
university,16,,Махамбет Өтемісов атындағы Батыс Қазақстан университеті,MNVO grant list 2026 (kk)
university,17,,Темірбек Жүрегенов атындағы Қазақ ұлттық өнер академиясы,univision.kz/kk/univ/code.html
university,18,,Күләш Байсейітова атындағы Қазақ ұлттық өнер университеті,univision.kz/kk/univ/code.html
university,19,,Мұхаметжан Тынышбаев атындағы ALT университеті,univision.kz/kk/univ/code.html
university,20,,Қазақ спорт және туризм академиясы,univision.kz/kk/univ/code.html
university,21,,Нархоз Университеті,univision.kz/kk/univ/code.html
university,22,,Халықаралық білім беру корпорациясы (ХББК),univision.kz/kk/univ/code.html
university,23,,Абылай хан атындағы Қазақ халықаралық қатынастар және әлем тілдері университеті,univision.kz/kk/univ/code.html
university,24,,Қазақ ұлттық аграрлық зерттеу университеті,MNVO grant list 2026 (kk)
university,25,,Қазақ ұлттық қыздар педагогикалық университеті (QYZPU),univision.kz/kk/univ/code.html
university,26,,С.Ж. Асфендияров атындағы Қазақ ұлттық медицина университеті,MNVO grant list 2026 (kk)
university,27,,Әл-Фараби атындағы Қазақ ұлттық университеті,MNVO grant list 2026 (kk)
university,29,,Қ.И.Сәтбаев атындағы Қазақ ұлттық техникалық зерттеу университеті (Satbayev University),univision.kz/kk/univ/code.html
university,30,,Қарағанды медицина университеті (ҚМУ),univision.kz/kk/univ/code.html
university,31,,Академик Е.А. Бөкетов атындағы Қарағанды ұлттық зерттеу университеті,MNVO grant list 2026 (kk)
university,32,,Әбілқас Сағынов атындағы Қарағанды техникалық университеті,MNVO grant list 2026 (kk)
university,33,,Қарағанды индустриялық университеті,MNVO grant list 2026 (kk)
university,34,,Қорқыт Ата атындағы Қызылорда университеті,MNVO grant list 2026 (kk)
university,35,,Ш. Уәлиханов атындағы Көкшетау университеті,MNVO grant list 2026 (kk)
university,36,,Ахмет Байтұрсынұлы атындағы Қостанай өңірлік университеті,MNVO grant list 2026 (kk)
university,37,,Қожа Ахмет Ясауи атындағы Халықаралық қазақ-түрік университеті,MNVO grant list 2026 (kk)
university,38,,Торайғыров университеті,MNVO grant list 2026 (kk)
university,39,,Рудный индустриялық университеті,MNVO grant list 2026 (kk)
university,40,,Манаш Қозыбаев атындағы Солтүстік Қазақстан университеті,MNVO grant list 2026 (kk)
university,41,,Семей медицина университеті,univision.kz/kk/univ/code.html
university,42,,Шәкәрім университеті,MNVO grant list 2026 (kk)
university,43,,М.Х. Дулати атындағы Тараз университеті,MNVO grant list 2026 (kk)
university,44,,Оңтүстік Қазақстан медицина академиясы,univision.kz/kk/univ/code.html
university,45,,М. Әуезов атындағы Оңтүстік Қазақстан университеті,MNVO grant list 2026 (kk)
university,47,,А.Қ.Құсайынов атындағы Еуразия гуманитарлық институты,univision.kz/kk/univ/code.html
university,48,,Халықаралық көлік және гуманитарлық университеті,univision.kz/kk/univ/code.html
university,49,,Халықаралық инженерлік-технологиялық университеті (ХИТУ),univision.kz/kk/univ/code.html
university,50,,Қазақ медициналық үздіксіз білім беру университеті,univision.kz/kk/univ/code.html
university,53,,Алматы технологиялық университеті (АТУ),univision.kz/kk/univ/code.html
university,57,,Ғұмарбек Дәукеев атындағы Алматы энергетика және байланыс университеті (АЭжБУ),univision.kz/kk/univ/code.html
university,69,,Кенжеғали Сағадиев атындағы Халықаралық Бизнес Университеті,univision.kz/kk/univ/code.html
university,78,,Л.Б.Гончаров атындағы Қазақ автомобиль-жол институты,univision.kz/kk/univ/code.html
university,79,,Каспий қоғамдық университеті,univision.kz/kk/univ/code.html
university,80,,Қазақстан-Ресей медицина университеті,univision.kz/kk/univ/code.html
university,82,,Алматыдағы Қазақ Немiс университетi (ҚНУ (DKU)),univision.kz/kk/univ/code.html
university,83,,Алматы менеджмент университеті (AlmaU),univision.kz/kk/univ/code.html
university,89,,"""Q"" University",univision.kz/kk/univ/code.html
university,90,,Ө.А.Жолдасбеков атындағы экономика және құқық академиясы,univision.kz/kk/univ/code.html
university,93,,«Тұран» университеті,univision.kz/kk/univ/code.html
university,96,,Орталық-Азия Университеті,univision.kz/kk/univ/code.html
university,103,,Қазақ-орыс халықаралық университеті,univision.kz/kk/univ/code.html
university,105,,Финансово Экономический Колледж,univision.kz/kk/univ/code.html
university,108,,Қазақстан инновациялық академиясы,univision.kz/kk/univ/code.html
university,116,,«Bolashaq» академиясы (Болашақ),univision.kz/kk/univ/code.html
university,122,,Қазтұтынуодағы Қарағанды университеті,univision.kz/kk/univ/code.html
university,127,,"""Ақмешіт"" гуманитарлық-техникалық институты",univision.kz/kk/univ/code.html
university,133,,"""МИРАС"" университеті (Мирас)",univision.kz/kk/univ/code.html
university,137,,Халықаралық гуманитарлық-техникалық институт,univision.kz/kk/univ/code.html
university,140,,М. Дулатов атындағы Қостанай инженерлік- экономикалық университеті,MNVO grant list 2026 (kk)
university,141,,Alikhan Bokeikhan University,MNVO grant list 2026 (kk)
university,143,,Жұмабек Ахметұлы Тәшенов атындағы университеті,univision.kz/kk/univ/code.html
university,145,,Академик Зұлқарнай Алдамжар атындағы Қостанай әлеуметтік-техникалық университеті,MNVO grant list 2026 (kk)
university,146,,Инновациялық Еуразия университеті,MNVO grant list 2026 (kk)
university,147,,Академик Қ.Сәтбаев атындағы Екібастұз инженерлік-техникалық институты,univision.kz/kk/univ/code.html
university,151,,Гуманитарлы-техникалық академиясы,univision.kz/kk/univ/code.html
university,153,,Қазақстан-Американдық Еркін Университеті,MNVO grant list 2026 (kk)
university,154,,Алматы гуманитарлы-экономикалық университеті (АГЭУ),univision.kz/kk/univ/code.html
university,157,,Азаматтық авиация академиясы (ААА),univision.kz/kk/univ/code.html
university,158,,Абай Мырзахметов атындағы Көкшетау университеті,MNVO grant list 2026 (kk)
university,160,,META University (META),univision.kz/kk/univ/code.html
university,161,,"""Алматы"" Университеті",univision.kz/kk/univ/code.html
university,162,,Қазақ қатынас жолдары университеті,univision.kz/kk/univ/code.html
university,173,,Esil University,univision.kz/kk/univ/code.html
university,174,,M.S. Narıkbaev atyndaģy KAZGUU Unıversıteti (KAZGUU),univision.kz/kk/univ/code.html
university,182,,Қазақ технология және бизнес университеті,univision.kz/kk/univ/code.html
university,184,,«Тұран-Астана» университеті,univision.kz/kk/univ/code.html
university,185,,Астана халықаралық университеті,MNVO grant list 2026 (kk)
university,186,,Silkway Халықаралық университеті,univision.kz/kk/univ/code.html
university,190,,Халықаралық ақпараттық технологиялар университеті (ХАТУ (IITU)),univision.kz/kk/univ/code.html
university,191,,Қаржы академиясы,univision.kz/kk/univ/code.html
university,194,,"""Астана"" Университеті",univision.kz/kk/univ/code.html
university,195,,Ақтау гуманитарлы-техникалық университеті,univision.kz/kk/univ/code.html
university,196,,Өзбекәлі Жәнібеков атындағы Оңтүстік Қазақстан педагогикалық университеті,MNVO grant list 2026 (kk)
university,197,,Орталық-Қазақстан Академиясы,univision.kz/kk/univ/code.html
university,198,,Батыс Қазақстан инновациялық-технологиялық университеті (БҚИТУ),univision.kz/kk/univ/code.html
university,199,,Қазақстанның инновациялық және телекоммуникациялық жүйелер университеті (ҚазИТЖУ),univision.kz/kk/univ/code.html
university,200,,Қонаев университетi,univision.kz/kk/univ/code.html
university,202,,Академик Ә.Қуатбеков атындағы Халықтар достығы университеті (Halyqtar dostyǵy),univision.kz/kk/univ/code.html
university,203,,Аймақтық әлеуметтік-инновациялық университеті,univision.kz/kk/univ/code.html
university,205,,Қазақ ұлттық хореография академиясы,univision.kz/kk/univ/code.html
university,223,,Шерхан Мұртаза атындағы Халықаралық Тараз университеті (Мұртаза ат. ХТУ),univision.kz/kk/univ/code.html
university,302,,SDU University,univision.kz/kk/univ/code.html
university,305,,"Қызылорда ""Болашақ"" университеті",univision.kz/kk/univ/code.html
university,318,,Аймақтық Инновациялық университеті (АИУ),univision.kz/kk/univ/code.html
university,414,,Шымкент университеті (ШымУ),univision.kz/kk/univ/code.html
university,416,,Баишев Университеті,univision.kz/kk/univ/code.html
university,419,,Шет тілдер және іскерлік карьера университеті,univision.kz/kk/univ/code.html
university,421,,Қазақстан-Британ техникалық университеті,univision.kz/kk/univ/code.html
university,501,,Жәңгір хан атындағы Батыс Қазақстан аграрлық-техникалық университеті,MNVO grant list 2026 (kk)
university,503,,"""НҰР-МҮБАРАК"""" Египет Ислам мәдениеті университеті (ЕИМУ)",univision.kz/kk/univ/code.html
university,515,,Тараз мемлекеттік педагогикалық университеті,univision.kz/kk/univ/code.html
university,516,,Өмірзақ Сұлтанғазин атындағы педагогикалық институты,univision.kz/kk/univ/code.html
university,517,,Әлкей Марғұлан атындағы Павлодар педагогикалық университеті,MNVO grant list 2026 (kk)
university,522,,Astana IT University,univision.kz/kk/univ/code.html
university,523,,Халықаралық туризм және меймандостық университеті,univision.kz/kk/univ/code.html
university,526,,Орталық Азия Инновациялық Университеті (ОАИУ),univision.kz/kk/univ/code.html
university,527,,Қазақ ұлттық спорт университеті,MNVO grant list 2026 (kk)
university,528,,Қызылорда ашық университеті,univision.kz/kk/univ/code.html
university,529,,Қазақ ұлттық су шаруашылығы және ирригация университеті,MNVO grant list 2026 (kk)
university,543,,Ұлытау университеті,MNVO grant list 2026 (kk)
university,908,,Казахстанский медицинский университет «ВШОЗ»,univision.kz/kk/univ/code.html
university,979,,КИМЭП университеті,univision.kz/kk/univ/code.html
university,111,,Жасанды интеллект ұлттық зерттеу университеті,manual translation
university,537,,Анхальт қолданбалы ғылымдар университетінің «Қазақстандағы Анхальт халықаралық университеті» филиалы,manual translation
university,542,,Ресей Федерациясы СІМ Мәскеу мемлекеттік халықаралық қатынастар институтының (университеті) Астана қаласындағы филиалы,manual translation
university,545,,Гази университетінің Шымкент қаласындағы филиалы,manual translation
university,546,,«University of Innovation and Technology» шетелдік оқу орны,manual translation
program,B001,Педагогика и психология,Педагогика және психология,testcenter.kz Комбинация профпредметов 2026
program,B002,Дошкольное обучение и воспитание,Мектепке дейінгі оқыту және тәрбиелеу,testcenter.kz Комбинация профпредметов 2026
program,B003,Педагогика и методика начального обучения,Бастауышта оқыту педагогикасы мен әдістемесі,testcenter.kz Комбинация профпредметов 2026
program,B004,Подготовка учителей начальной военной подготовки,Бастапқы әскери дайындық мұғалімдерін даярлау,testcenter.kz Комбинация профпредметов 2026
program,B005,Подготовка учителей физической культуры,Дене шынықтыру мұғалімдерін даярлау,testcenter.kz Комбинация профпредметов 2026
program,B006,Подготовка учителей музыки,Музыка мұғалімдерін даярлау,testcenter.kz Комбинация профпредметов 2026
program,B007,Подготовка учителей художественного труда и черчения,Көркем еңбек және сызу мұғалімдерін даярлау,testcenter.kz Комбинация профпредметов 2026
program,B008,Подготовка учителей основы права и экономики,Құқық және экономика негіздері мұғалімдерін даярлау,testcenter.kz Комбинация профпредметов 2026
program,B009,Подготовка учителей математики,Математика мұғалімдерін даярлау,testcenter.kz Комбинация профпредметов 2026
program,B010,Подготовка учителей физики,Физика мұғалімдерін даярлау,testcenter.kz Комбинация профпредметов 2026
program,B011,Подготовка учителей информатики,Информатика мұғалімдерін даярлау,testcenter.kz Комбинация профпредметов 2026
program,B012,Подготовка учителей химии,Химия мұғалімдерін даярлау,testcenter.kz Комбинация профпредметов 2026
program,B013,Подготовка учителей биологии,Биология мұғалімдерін даярлау,testcenter.kz Комбинация профпредметов 2026
program,B014,Подготовка учителей географии,География мұғалімдерін даярлау,testcenter.kz Комбинация профпредметов 2026
program,B015,Подготовка учителей по гуманитарным предметам,Гуманитарлық пәндер мұғалімдерін даярлау,testcenter.kz Комбинация профпредметов 2026
program,B016,Подготовка учителей казахского языка и литературы,Қазақ тілі мен әдебиеті мұғалімдерін даярлау,testcenter.kz Комбинация профпредметов 2026
program,B017,Подготовка учителей русского языка и литературы,Орыс тілі мен әдебиеті мұғалімдерін даярлау,testcenter.kz Комбинация профпредметов 2026
program,B018,Подготовка учителей иностранного языка,Шет тілі мұғалімдерін даярлау,testcenter.kz Комбинация профпредметов 2026
program,B019,Подготовка социальных педагогов,Әлеуметтік педагогтарды даярлау,testcenter.kz Комбинация профпредметов 2026
program,B020,Специальная педагогика,Арнайы педагогика,testcenter.kz Комбинация профпредметов 2026
program,B021,Исполнительское искусство,Орындаушылық өнер,testcenter.kz Комбинация профпредметов 2026
program,B023,"Режиссура, арт-менеджмент","Режиссура, арт-менеджмент",testcenter.kz Комбинация профпредметов 2026
program,B027,Театральное искусство,Театр өнері,testcenter.kz Комбинация профпредметов 2026
program,B028,Хореография,Хореография,testcenter.kz Комбинация профпредметов 2026
program,B029,Аудиовизуальные средства и медиа производство,Аудиовизуалды құрылғылар және медиа өндіріс,testcenter.kz Комбинация профпредметов 2026
program,B030,Изобразительное искусство,Бейнелеу өнері,testcenter.kz Комбинация профпредметов 2026
program,B031,"Мода, дизайн","Сән, дизайн",testcenter.kz Комбинация профпредметов 2026
program,B032,Философия и этика,Философия және этика,testcenter.kz Комбинация профпредметов 2026
program,B033,Религия и теология,Дінтану және теология,testcenter.kz Комбинация профпредметов 2026
program,B034,История,Тарих,testcenter.kz Комбинация профпредметов 2026
program,B035,Тюркология,Түркітану,testcenter.kz Комбинация профпредметов 2026
program,B036,Переводческое дело,Аударма ісі,testcenter.kz Комбинация профпредметов 2026
program,B037,Филология (казахская филология),Филология (қазақ филологиясы),testcenter.kz Комбинация профпредметов 2026
program,B037,Филология (русская филология),Филология (орыс филологиясы),testcenter.kz Комбинация профпредметов 2026
program,B134,Археология и этнология,Археология және этнология,testcenter.kz Комбинация профпредметов 2026
program,B135,Востоковедение,Шығыстану,testcenter.kz Комбинация профпредметов 2026
program,B234,Музейное дело и охрана памятников,Мұражай ісі және ескерткіштерді қорғау,testcenter.kz Комбинация профпредметов 2026
program,B038,Социология,Әлеуметтану,testcenter.kz Комбинация профпредметов 2026
program,B039,Культурология,Мәдениеттану,testcenter.kz Комбинация профпредметов 2026
program,B040,Политология,Саясаттану,testcenter.kz Комбинация профпредметов 2026
program,B041,Психология,Психология,testcenter.kz Комбинация профпредметов 2026
program,B042,Журналистика и репортерское дело,Журналистика және репортер ісі,testcenter.kz Комбинация профпредметов 2026
program,B043,"Библиотечное дело, обработка информации и архивное дело","Кітапхана ісі, ақпараттарды өңдеу және мұрағат ісі",testcenter.kz Комбинация профпредметов 2026
program,B140,Международные отношения и дипломатия,Халықаралық қатынастар және дипломатия,testcenter.kz Комбинация профпредметов 2026
program,B142,Связь с общественностью,Қоғаммен байланыс,testcenter.kz Комбинация профпредметов 2026
program,B044,Менеджмент и управление,Менеджмент және басқару,testcenter.kz Комбинация профпредметов 2026
program,B045,Аудит и налогообложение,Аудит және салық салу,testcenter.kz Комбинация профпредметов 2026
program,B046,"Финансы, экономика, банковское и страховое дело","Қаржы, экономика, банк және сақтандыру ісі",testcenter.kz Комбинация профпредметов 2026
program,B047,Маркетинг и реклама,Маркетинг және жарнама,testcenter.kz Комбинация профпредметов 2026
program,B048,Трудовые навыки,Еңбек дағдылары,testcenter.kz Комбинация профпредметов 2026
program,B049,Право,Құқық,testcenter.kz Комбинация профпредметов 2026
program,B145,Государственный аудит,Мемлекеттік аудит,testcenter.kz Комбинация профпредметов 2026
program,B050,Биологические и смежные науки,Биологиялық және сабақтас ғылымдар,testcenter.kz Комбинация профпредметов 2026
program,B051,Окружающая среда,Қоршаған орта,testcenter.kz Комбинация профпредметов 2026
program,B052,Наука о земле,Жер туралы ғылым,testcenter.kz Комбинация профпредметов 2026
program,B053,Химия,Химия,testcenter.kz Комбинация профпредметов 2026
program,B054,Физика,Физика,testcenter.kz Комбинация профпредметов 2026
program,B055,Математика и статистика,Математика және статистика,testcenter.kz Комбинация профпредметов 2026
program,B056,Механика,Механика,testcenter.kz Комбинация профпредметов 2026
program,B057,Информационные технологии,Ақпараттық технологиялар,testcenter.kz Комбинация профпредметов 2026
program,B058,Информационная безопасность,Ақпараттық қауіпсіздік,testcenter.kz Комбинация профпредметов 2026
program,B059,Коммуникации и коммуникационные технологии,Коммуникациялар және коммуникациялық технологиялар,testcenter.kz Комбинация профпредметов 2026
program,B157,Математическое и компьютерное моделирование,Математикалық және компьютерлік модельдеу,testcenter.kz Комбинация профпредметов 2026
program,B158,Криптология,Криптология,testcenter.kz Комбинация профпредметов 2026
program,B060,Химическая инженерия и процессы,Химиялық инженерия және процестер,testcenter.kz Комбинация профпредметов 2026
program,B061,Материаловедение и технологии,Материалтану және технологиялар,testcenter.kz Комбинация профпредметов 2026
program,B062,Электротехника и электроэнергетика,Электр техникасы және электроэнергетика,testcenter.kz Комбинация профпредметов 2026
program,B063,Электротехника и автоматизация,Электр техникасы және автоматтандыру,testcenter.kz Комбинация профпредметов 2026
program,B064,Механика и металлообработка,Механика және металл өңдеу,testcenter.kz Комбинация профпредметов 2026
program,B065,Транспортная техника и технологии,Көлік техникасы және технологиялар,testcenter.kz Комбинация профпредметов 2026
program,B066,Морской транспорт и технологии,Теңіз көлігі және технологиялары,testcenter.kz Комбинация профпредметов 2026
program,B067,Воздушный транспорт и технологии,Әуе көлігі және технологиялары,testcenter.kz Комбинация профпредметов 2026
program,B068,Производство продуктов питания,Азық-түлік өнімдерінің өндірісі,testcenter.kz Комбинация профпредметов 2026
program,B069,"Производство материалов (стекло, бумага, пластик, дерево)","Материалдар өндірісі (шыны, қағаз, пластик, ағаш)",testcenter.kz Комбинация профпредметов 2026
program,B070,"Текстиль: одежда, обувь и кожаные изделия","Тоқыма: киім, аяқ киім және былғары бұйымдары",testcenter.kz Комбинация профпредметов 2026
program,B071,Горное дело и добыча полезных ископаемых,Тау-кен ісі және пайдалы қазбаларды өндіру,testcenter.kz Комбинация профпредметов 2026
program,B072,Технология фармацевтического производства,Фармацевтикалық өндіріс технологиясы,testcenter.kz Комбинация профпредметов 2026
program,B073,Архитектура,Сәулет,testcenter.kz Комбинация профпредметов 2026
program,B074,"Градостроительство, строительные работы и гражданское строительство","Қала құрылысы, құрылыс жұмыстары және азаматтық құрылыс",testcenter.kz Комбинация профпредметов 2026
program,B075,Кадастр и землеустройство,Кадастр және жерге орналастыру,testcenter.kz Комбинация профпредметов 2026
program,B076,"Стандартизация, сертификация и метрология (по отраслям)","Стандарттау, сертификаттау және метрология (сала бойынша)",testcenter.kz Комбинация профпредметов 2026
program,B126,Транспортное строительство,Көлік құрылысы,testcenter.kz Комбинация профпредметов 2026
program,B161,Инжиниринг материалов,Материалдар инжинирингі,testcenter.kz Комбинация профпредметов 2026
program,B162,Теплоэнергетика,Жылу энергетикасы,testcenter.kz Комбинация профпредметов 2026
program,B165,Магистральные сети и инфраструктура,Магистральды желілер және инфрақұрылым,testcenter.kz Комбинация профпредметов 2026
program,B166,Транспортные сооружения,Көліктік имараттар,testcenter.kz Комбинация профпредметов 2026
program,B167,Летная эксплуатация летательных аппаратов и двигателей,Ұшу аппараттары мен қозғалтқыштарды ұшуда пайдалану,testcenter.kz Комбинация профпредметов 2026
program,B171,Металлургия,Металлургия,testcenter.kz Комбинация профпредметов 2026
program,B172,Обработка материалов давлением,Материалдарды қысыммен өңдеу,testcenter.kz Комбинация профпредметов 2026
program,B173,Гидромелиорация,Гидромелиорация,testcenter.kz Комбинация профпредметов 2026
program,B175,Водоснабжение и водоотведение,Сумен қамтамасыз ету және суды бұру,testcenter.kz Комбинация профпредметов 2026
program,B176,Гидротехническое строительство и управление водными ресурсами,Гидротехникалық құрылыс және су ресурстарын басқару,testcenter.kz Комбинация профпредметов 2026
program,B265,Железнодорожный транспорт и технологии,Темір жол көлігі және технологиялары,testcenter.kz Комбинация профпредметов 2026
program,B077,Растениеводство,Өсімдік шаруашылығы,testcenter.kz Комбинация профпредметов 2026
program,B078,Животноводство,Мал шаруашылығы,testcenter.kz Комбинация профпредметов 2026
program,B079,Лесное хозяйство,Орман шаруашылығы,testcenter.kz Комбинация профпредметов 2026
program,B080,Рыбное хозяйство,Балық шаруашылығы,testcenter.kz Комбинация профпредметов 2026
program,B082,Водные ресурсы и водопользования,Су ресурстары және суды пайдалану,testcenter.kz Комбинация профпредметов 2026
program,B183,Агроинженерия,Агроинженерия,testcenter.kz Комбинация профпредметов 2026
program,B083,Ветеринария,Ветеринария,testcenter.kz Комбинация профпредметов 2026
program,B084,Сестринское дело,Мейіргер ісі,testcenter.kz Комбинация профпредметов 2026
program,B085,Фармация,Фармация,testcenter.kz Комбинация профпредметов 2026
program,BM086,Медицина,Медицина,testcenter.kz Комбинация профпредметов 2026
program,BM088,Педиатрия,Педиатрия,testcenter.kz Комбинация профпредметов 2026
program,BM089,Медико-профилактическое дело,Медициналық-профилактикалық іс,testcenter.kz Комбинация профпредметов 2026
program,B090,Социальная работа,Әлеуметтік жұмыс,testcenter.kz Комбинация профпредметов 2026
program,B091,Туризм,Туризм,testcenter.kz Комбинация профпредметов 2026
program,B092,Досуг,Тынығу,testcenter.kz Комбинация профпредметов 2026
program,B093,Ресторанное дело и гостиничный бизнес,Мейрамхана ісі және мейманхана бизнесі,testcenter.kz Комбинация профпредметов 2026
program,B094,Санитарно-профилактические мероприятия,Санитарлық-профилактикалық іс-шаралар,testcenter.kz Комбинация профпредметов 2026
program,B095,Транспортные услуги,Көлік қызметтері,testcenter.kz Комбинация профпредметов 2026
program,B098,Спорт,Спорт,testcenter.kz Комбинация профпредметов 2026
program,B174,,Геодезия жəне картография,MNVO grant list 2026 (kk)
program,B271,,Мұнай-газ ісі,MNVO grant list 2026 (kk)
program,B089,,Қоғамдық денсаулық,manual translation
program,BM087,,Стоматология,manual translation
