profileSubjects,profileSubjectsKk
Английский язык - Всемирная история,Ағылшын тілі - Дүние жүзі тарихы
Биология - География,Биология - География
Биология - Химия,Биология - Химия
Всемирная история - География,Дүние жүзі тарихы - География
Всемирная история - Основы права,Дүние жүзі тарихы - Құқық негіздері
География - Английский язык,География - Ағылшын тілі
География - Немецкий язык,География - Неміс тілі
География - Французский язык,География - Француз тілі
Казахский язык - Казахская литература,Қазақ тілі - Қазақ әдебиеті
Математика - География,Математика - География
Математика - Информатика,Математика - Информатика
Математика - Физика,Математика - Физика
Немецкий язык - Всемирная история,Неміс тілі - Дүние жүзі тарихы
Русский язык - Русская литература,Орыс тілі - Орыс әдебиеті
Творческий экзамен - Творческий экзамен,Шығармашылық емтихан - Шығармашылық емтихан
Французский язык - Всемирная история,Француз тілі - Дүние жүзі тарихы
Химия - Физика,Химия - Физика
