КОД,Название образовательной программы,Профильные Предметы ЕНТ,Краткое Название Предметов
B001,Педагогика и психология,Биология - География,Био-Гео
B002,Дошкольное обучение и воспитание,Биология - География,Био-Гео
B003,Педагогика и методика начального обучения,Биология - География,Био-Гео
B004,Подготовка учителей начальной военной подготовки,Творческий экзамен - Творческий экзамен,Творческий
B005,Подготовка учителей физической культуры,Творческий экзамен - Творческий экзамен,Творческий
B006,Подготовка учителей музыки,Творческий экзамен - Творческий экзамен,Творческий
B007,Подготовка учителей художественного труда и черчения,Творческий экзамен - Творческий экзамен,Творческий
B008,Подготовка учителей основы права и экономики,Всемирная история - География,ДЖТ-Гео
B009,Подготовка учителей математики,Математика - Физика,Мат-Физ
B010,Подготовка учителей физики,Математика - Физика,Мат-Физ
B011,Подготовка учителей информатики,Математика - Информатика,Мат-Инфо
B012,Подготовка учителей химии,Биология - Химия,Био-Хим
B013,Подготовка учителей биологии,Биология - Химия,Био-Хим
B014,Подготовка учителей географии,Всемирная история - География,ДЖТ-Гео
B015,Подготовка учителей по гуманитарным предметам,Всемирная история - География,ДЖТ-Гео
B016,Подготовка учителей казахского языка и литературы,Казахский язык - Казахская литература,Каз Т-Каз А
B017,Подготовка учителей русского языка и литературы,Русский язык - Русская литература,Рус Яз-Рус Лит
B018,Подготовка учителей иностранного языка,Английский язык - Всемирная история,Англ-ДЖТ
B018,Подготовка учителей иностранного языка,Немецкий язык - Всемирная история,Нем-ДЖТ
B018,Подготовка учителей иностранного языка,Французский язык - Всемирная история,Фр-ДЖТ
B019,Подготовка социальных педагогов,Биология - География,Био-Гео
B020,Специальная педагогика,Биология - География,Био-Гео
B021,Исполнительское искусство,Творческий экзамен - Творческий экзамен,Творческий
B023,"Режиссура, арт-менеджмент",Творческий экзамен - Творческий экзамен,Творческий
B027,Театральное искусство,Творческий экзамен - Творческий экзамен,Творческий
B028,Хореография,Творческий экзамен - Творческий экзамен,Творческий
B029,Аудиовизуальные средства и медиа производство,Творческий экзамен - Творческий экзамен,Творческий
B030,Изобразительное искусство,Творческий экзамен - Творческий экзамен,Творческий
B031,"Мода, дизайн",Творческий экзамен - Творческий экзамен,Творческий
B032,Философия и этика,Всемирная история - География,ДЖТ-Гео
B033,Религия и теология,Творческий экзамен - Творческий экзамен,Творческий
B034,История,Всемирная история - География,ДЖТ-Гео
B035,Тюркология,Английский язык - Всемирная история,Англ-ДЖТ
B035,Тюркология,Немецкий язык - Всемирная история,Нем-ДЖТ
B035,Тюркология,Французский язык - Всемирная история,Фр-ДЖТ
B036,Переводческое дело,Английский язык - Всемирная история,Англ-ДЖТ
B036,Переводческое дело,Немецкий язык - Всемирная история,Нем-ДЖТ
B036,Переводческое дело,Французский язык - Всемирная история,Фр-ДЖТ
B037,Филология (казахская филология),Казахский язык - Казахская литература,Каз Т-Каз А
B037,Филология (русская филология),Русский язык - Русская литература,Рус Яз-Рус Лит
B038,Социология,Математика - География,Мат-Гео
B039,Культурология,Английский язык - Всемирная история,Англ-ДЖТ
B039,Культурология,Немецкий язык - Всемирная история,Нем-ДЖТ
B039,Культурология,Французский язык - Всемирная история,Фр-ДЖТ
B040,Политология,Английский язык - Всемирная история,Англ-ДЖТ
B040,Политология,Немецкий язык - Всемирная история,Нем-ДЖТ
B040,Политология,Французский язык - Всемирная история,Фр-ДЖТ
B041,Психология,Биология - География,Био-Гео
B042,Журналистика и репортерское дело,Творческий экзамен - Творческий экзамен,Творческий
B043,"Библиотечное дело, обработка информации и архивное дело",Казахский язык - Казахская литература,Каз Т-Каз А
B043,"Библиотечное дело, обработка информации и архивное дело",Русский язык - Русская литература,Рус Яз-Рус Лит
B044,Менеджмент и управление,Математика - География,Мат-Гео
B045,Аудит и налогообложение,Математика - География,Мат-Гео
B046,"Финансы, экономика, банковское и страховое дело",Математика - География,Мат-Гео
B047,Маркетинг и реклама,Математика - География,Мат-Гео
B048,Трудовые навыки,Математика - География,Мат-Гео
B049,Право,Всемирная история - Основы права,ДЖТ-Құқық
B050,Биологические и смежные науки,Биология - Химия,Био-Хим
B051,Окружающая среда,Биология - География,Био-Гео
B052,Наука о земле,Математика - География,Мат-Гео
B053,Химия,Биология - Химия,Био-Хим
B054,Физика,Математика - Физика,Мат-Физ
B055,Математика и статистика,Математика - Физика,Мат-Физ
B056,Механика,Математика - Физика,Мат-Физ
B057,Информационные технологии,Математика - Информатика,Мат-Инфо
B058,Информационная безопасность,Математика - Информатика,Мат-Инфо
B059,Коммуникации и коммуникационные технологии,Математика - Физика,Мат-Физ
B060,Химическая инженерия и процессы,Химия - Физика,Хим-Физ
B060,Химическая инженерия и процессы,Биология - Химия,Био-Хим
B061,Материаловедение и технологии,Математика - Физика,Мат-Физ
B062,Электротехника и электроэнергетика,Математика - Физика,Мат-Физ
B063,Электротехника и автоматизация,Математика - Физика,Мат-Физ
B064,Механика и металлообработка,Математика - Физика,Мат-Физ
B065,Транспортная техника и технологии,Математика - Физика,Мат-Физ
B066,Морской транспорт и технологии,Математика - Физика,Мат-Физ
B067,Воздушный транспорт и технологии,Математика - Физика,Мат-Физ
B068,Производство продуктов питания,Биология - Химия,Био-Хим
B069,"Производство материалов (стекло, бумага, пластик, дерево)",Математика - Физика,Мат-Физ
B070,"Текстиль: одежда, обувь и кожаные изделия",Математика - Физика,Мат-Физ
B071,Горное дело и добыча полезных ископаемых,Математика - Физика,Мат-Физ
B072,Технология фармацевтического производства,Биология - Химия,Био-Хим
B073,Архитектура,Творческий экзамен - Творческий экзамен,Творческий
B074,"Градостроительство, строительные работы и гражданское строительство",Математика - Физика,Мат-Физ
B075,Кадастр и землеустройство,Математика - География,Мат-Гео
B076,"Стандартизация, сертификация и метрология (по отраслям)",Математика - Физика,Мат-Физ
B077,Растениеводство,Биология - Химия,Био-Хим
B078,Животноводство,Биология - Химия,Био-Хим
B079,Лесное хозяйство,Биология - География,Био-Гео
B080,Рыбное хозяйство,Биология - Химия,Био-Хим
B082,Водные ресурсы и водопользования,Математика - Физика,Мат-Физ
B083,Ветеринария,Биология - Химия,Био-Хим
B084,Сестринское дело,Биология - Химия,Био-Хим
B085,Фармация,Биология - Химия,Био-Хим
BM086,Медицина,Биология - Химия,Био-Хим
BM087,Стоматология,Биология - Химия,Био-Хим
BM088,Педиатрия,Биология - Химия,Био-Хим
B089,Общественное здоровье,Биология - Химия,Био-Хим
BM089,Медико-профилактическое дело,Биология - Химия,Био-Хим
B090,Социальная работа,Биология - География,Био-Гео
B091,Туризм,География - Английский язык,Гео-Англ
B091,Туризм,География - Немецкий язык,Гео-Нем
B091,Туризм,География - Французский язык,Гео-Фр
B092,Досуг,Творческий экзамен - Творческий экзамен,Творческий
B093,Ресторанное дело и гостиничный бизнес,География - Английский язык,Гео-Англ
B093,Ресторанное дело и гостиничный бизнес,География - Немецкий язык,Гео-Нем
B093,Ресторанное дело и гостиничный бизнес,География - Французский язык,Гео-Фр
B094,Санитарно-профилактические мероприятия,Математика - Физика,Мат-Физ
B095,Транспортные услуги,Математика - География,Мат-Гео
B098,Спорт,Творческий экзамен - Творческий экзамен,Творческий
B126,Транспортное строительство,Математика - Физика,Мат-Физ
B134,Археология и этнология,Всемирная история - География,ДЖТ-Гео
B135,Востоковедение,Английский язык - Всемирная история,Англ-ДЖТ
B135,Востоковедение,Немецкий язык - Всемирная история,Нем-ДЖТ
B135,Востоковедение,Французский язык - Всемирная история,Фр-ДЖТ
B140,Международные отношения и дипломатия,Английский язык - Всемирная история,Англ-ДЖТ
B140,Международные отношения и дипломатия,Немецкий язык - Всемирная история,Нем-ДЖТ
B140,Международные отношения и дипломатия,Французский язык - Всемирная история,Фр-ДЖТ
B142,Связь с общественностью,Творческий экзамен - Творческий экзамен,Творческий
B145,Государственный аудит,Математика - География,Мат-Гео
B157,Математическое и компьютерное моделирование,Математика - Информатика,Мат-Инфо
B158,Криптология,Математика - Информатика,Мат-Инфо
B161,Инжиниринг материалов,Математика - Физика,Мат-Физ
B162,Теплоэнергетика,Математика - Физика,Мат-Физ
B165,Магистральные сети и инфраструктура,Математика - Физика,Мат-Физ
B166,Транспортные сооружения,Математика - Физика,Мат-Физ
B167,Летная эксплуатация летательных аппаратов и двигателей,Математика - Физика,Мат-Физ
B171,Металлургия,Математика - Физика,Мат-Физ
B172,Обработка материалов давлением,Математика - Физика,Мат-Физ
B173,Гидромелиорация,Математика - Физика,Мат-Физ
B175,Водоснабжение и водоотведение,Математика - Физика,Мат-Физ
B176,Гидротехническое строительство и управление водными ресурсами,Математика - Физика,Мат-Физ
B183,Агроинженерия,Математика - Физика,Мат-Физ
B234,Музейное дело и охрана памятников,Английский язык - Всемирная история,Англ-ДЖТ
B234,Музейное дело и охрана памятников,Немецкий язык - Всемирная история,Нем-ДЖТ
B234,Музейное дело и охрана памятников,Французский язык - Всемирная история,Фр-ДЖТ
B265,Железнодорожный транспорт и технологии,Математика - Физика,Мат-Физ
