code,name
1,Медицинский университет Астана
2,Казахский агротехнический исследовательский университет имени Сакена Сейфуллина
3,Каспийский университет технологий и инжиниринга имени Ш. Есенова
5,Актюбинский региональный университет имени К.Жубанова
8,Аркалыкский педагогический университет имени Ыбырай Алтынсарин
9,Атырауский университет нефти и газа имени Сафи Утебаева
10,Атырауский университет имени Халела Досмухамедова
11,Восточно-Казахстанский университет имени Сарсена Аманжолова
12,Восточно-Казахстанский технический университет имени Д.Серикбаева
15,Жетысуский университет имени Ильяса Жансугурова
16,Западно-Казахстанский университет имени Махамбета Утемисова
24,Казахский национальный аграрный исследовательский университет
26,Казахский национальный медицинский университет имени С.Д. Асфендиярова
27,Казахский национальный университет имени аль-Фараби
31,Карагандинский университет имени академика Е.А. Букетова
32,Карагандинский технический университет имени Абылкаса Сагинова
33,Карагандинский индустриальный университет
34,Кызылординский университет имени Коркыт Ата
35,Кокшетауский университет имени Ш. Уалиханова
36,Костанайский региональный университет имени Ахмет Байтұрсынұлы
37,Международный казахско-турецкий университет имени Ходжи Ахмеда Ясави
38,Торайгыров университет
39,Рудненский индустриальный университет
40,Северо-Казахстанский университет имени Манаша Козыбаева
42,Университет имени Шакарима города Семей
43,Таразский региональный университет имени М.Х. Дулати
45,Южно-Казахстанский университет имени М. Ауэзова
140,Костанайский инженерно-экономический университет имени М. Дулатова
141,Alikhan Bokeikhan University
145,Костанайский социально-технический университет имени академика Зулхарнай Алдамжар
146,Инновационный Евразийский университет
153,Казахстанско-Американский Свободный Университет
158,Кокшетауский университет имени Абая Мырзахметова
185,Международный университет Астана
196,Южно-Казахстанский педагогический университет имени Өзбекәлі Жәнібеков
501,Западно-Казахстанский аграрно-технический университет имени Жангир хана
517,Павлодарский педагогический университет имени Әлкей Марғұлан
527,Академия физической культуры и массового спорта
529,Казахский национальный университет водного хозяйства и ирригации
